onboardID	acxiom	ancestry	beenverified	clubhouse	infinitemediaconcepts	intel	mcdonalds	mediaocean	mylife	name	neustar	oracle	quora	target	tesla	thomsonreuters	tmobile	twitter	uber	walgreens	walmart	xfinity
968	0	0	0	0	0	0	0	0	0	Jessie	0	0	0	1	0	0	0	0	0	1	1	0
676	0	0	0	0	0	0	0	0	0	Bynum	0	0	1	0	0	0	0	0	0	0	0	0
131	0	0	0	0	0	0	0	0	0	Lanette	0	0	1	1	0	0	0	0	0	1	0	0
333	0	0	0	0	0	0	0	0	0	Iver	0	0	1	0	0	0	0	0	0	0	0	0
723	0	0	0	0	0	0	0	0	0	Dorene	0	0	0	0	0	0	0	1	0	1	0	0
405	0	0	0	0	0	0	0	0	0	Natalya	0	0	0	0	0	0	0	1	1	1	0	1
375	0	0	0	0	0	0	0	0	0	Eden	0	1	0	0	0	0	0	0	0	0	0	1
923	0	0	0	0	0	0	0	0	0	Hampton	0	0	1	0	0	0	0	0	1	0	1	0
705	0	0	0	0	0	0	1	0	0	Georgeann	0	1	0	0	0	1	1	0	1	0	0	0
909	0	0	0	0	0	0	0	0	0	Tristian	0	0	0	0	0	0	0	0	0	1	0	0
785	0	0	0	0	0	0	0	0	0	Florentino	0	0	0	0	0	0	0	1	0	0	0	0
675	0	0	0	0	0	0	0	0	0	Emmit	0	0	0	0	0	0	1	1	0	0	0	1
858	0	0	0	0	0	0	1	0	0	Aurilla	0	0	0	0	0	0	0	1	0	1	0	0
313	0	0	0	0	0	0	0	0	0	Joselin	0	0	0	1	0	0	0	0	1	0	0	0
134	0	0	0	0	0	0	0	0	0	Corda	0	0	0	0	0	0	0	0	1	0	0	0
406	0	0	0	1	0	1	0	0	0	Jerilynn	0	0	0	1	0	0	0	0	1	1	0	0
440	0	0	0	0	0	0	0	0	0	Kailyn	0	1	1	0	0	0	1	1	0	1	0	0
329	0	0	0	0	0	0	1	0	0	Jameel	0	0	0	0	0	0	0	0	0	0	0	0
867	0	0	0	0	0	0	0	0	0	Debora	0	0	0	0	0	0	0	1	1	0	0	0
253	0	1	0	0	0	0	0	0	0	Dennis	0	0	0	1	0	0	0	0	0	0	1	0
286	0	0	0	0	0	0	1	0	0	Betsey	0	0	0	0	0	0	0	0	1	1	1	0
863	0	1	0	0	0	0	0	0	1	Ruben	0	0	0	0	0	0	1	1	0	0	0	0
123	0	0	0	0	0	0	0	0	0	Branch	0	0	1	0	0	0	0	0	0	0	0	0
137	0	0	0	0	0	0	0	0	0	Kane	0	1	0	0	0	0	0	0	0	0	0	0
23	0	0	0	0	0	0	0	0	0	Chanda	0	1	0	0	0	0	1	0	0	1	0	0
608	0	0	1	1	0	0	0	0	0	Laney	1	1	0	0	0	0	0	0	1	0	0	0
886	0	0	0	0	0	0	0	0	0	Matilda	0	0	0	0	0	0	0	1	0	0	0	0
451	0	0	0	0	1	0	0	0	0	Brenton	0	0	0	0	0	0	1	0	1	0	0	0
526	0	1	0	1	0	0	0	0	0	Juelz	0	0	0	1	0	0	0	0	1	0	1	0
799	0	0	0	1	0	0	0	0	0	Carleigh	0	1	0	0	0	0	1	0	1	0	0	0
882	0	1	0	0	0	0	0	0	0	Barbra	0	0	0	0	1	1	0	1	0	0	0	0
933	0	0	0	0	0	0	0	0	0	Michaela	0	1	0	0	0	0	0	0	1	0	0	0
639	0	0	0	0	0	0	0	0	0	Selina	0	0	0	0	0	0	0	0	1	0	0	0
113	0	0	0	0	0	0	0	0	0	Delbert	0	0	1	0	0	0	0	1	1	0	1	0
31	0	0	0	0	0	0	0	0	0	Burrell	0	0	0	1	0	0	0	1	0	0	1	0
648	0	0	0	0	0	0	0	0	0	Zoe	0	0	0	0	0	0	0	0	0	0	1	0
606	0	0	0	0	0	0	0	0	0	Cristi	0	1	1	0	0	0	1	0	0	1	1	0
175	1	0	0	0	0	0	0	0	0	Matilda	0	0	1	0	0	0	0	0	0	0	0	1
840	0	0	0	0	0	0	0	0	0	Ryley	0	0	0	1	0	0	1	1	0	1	1	0
414	1	0	0	0	0	0	0	0	1	Alvan	0	0	0	1	0	0	0	0	0	0	0	1
853	0	0	0	1	0	0	0	0	0	Ozell	0	0	0	0	0	0	1	0	0	1	0	0
363	0	1	0	0	0	0	0	0	0	Nereida	0	0	0	1	0	0	1	0	0	0	0	0
334	0	0	0	0	0	1	0	0	0	Tucker	0	0	0	0	0	0	1	0	0	0	1	0
115	0	0	0	1	0	0	0	0	0	Mona	0	0	0	1	0	0	1	1	1	0	0	0
661	0	0	1	0	1	0	0	0	0	Lamar	0	0	0	0	1	0	0	0	0	1	1	0
38	0	0	0	0	0	0	1	0	0	Allen	0	1	0	0	0	0	1	0	0	1	0	0
521	0	1	0	0	0	0	0	0	0	Demetric	0	1	0	0	0	0	0	0	1	1	0	1
281	0	0	0	0	0	1	0	0	0	Risa	0	0	1	0	0	0	1	1	0	1	0	0
736	0	0	0	1	0	0	0	0	0	Alys	0	0	0	1	1	0	0	1	1	0	0	1
698	0	0	0	0	0	0	0	0	0	Katherine	0	0	0	0	0	0	0	0	1	0	0	0
737	0	0	0	0	0	0	0	0	0	Izola	0	0	0	0	0	0	1	1	0	0	0	0
686	0	0	0	0	0	0	0	0	0	Lota	0	1	1	0	0	0	1	0	1	1	0	0
604	0	0	0	0	0	0	1	0	0	Bradford	0	0	0	0	0	0	1	1	0	0	0	0
240	0	0	0	0	0	0	0	1	0	Shalonda	0	0	0	0	0	0	0	0	0	0	0	0
182	0	1	0	0	0	0	0	0	0	Shantell	0	0	0	1	0	0	0	0	0	1	0	0
479	1	0	0	0	0	0	0	0	0	Philo	0	0	0	0	0	0	0	1	0	0	0	0
946	0	0	0	0	0	1	0	0	0	Ellar	0	0	1	0	0	0	0	0	0	0	0	0
199	1	0	0	0	0	0	0	0	0	Cordelia	0	1	1	0	0	0	0	1	0	0	0	0
450	0	0	0	0	0	0	0	0	0	Dolly	0	0	0	0	0	0	1	1	0	0	0	1
46	0	0	0	1	0	0	0	0	0	Pernell	0	0	1	1	0	0	1	0	0	0	0	0
28	0	0	0	0	0	0	1	0	0	Kathrine	0	0	0	0	0	0	1	0	1	0	0	0
193	0	0	0	0	0	0	0	0	0	Tiara	0	0	0	0	0	0	0	0	0	0	1	0
247	0	1	0	0	0	1	1	0	0	Durwood	0	0	0	1	0	0	0	0	0	0	0	0
212	0	0	0	0	0	0	0	0	0	Justice	0	0	0	0	0	0	0	1	0	0	0	0
10	0	1	0	0	0	0	0	0	0	Luc	0	0	0	0	0	0	0	0	1	0	1	0
690	0	0	0	0	0	0	0	0	0	Maxx	0	0	0	1	0	0	0	0	0	0	0	0
382	0	0	0	0	0	0	0	0	0	Minnie	0	0	0	0	0	0	1	1	0	1	1	0
408	0	0	0	0	0	0	1	0	0	Cailyn	0	0	0	0	0	1	1	0	0	0	0	0
430	0	0	0	0	0	0	1	0	0	Collier	0	0	0	0	0	0	0	0	0	0	0	0
876	0	1	0	0	0	0	0	0	0	Jonah	0	0	0	0	0	0	0	0	1	0	0	0
21	0	0	0	0	0	0	0	0	0	Tucker	1	0	1	0	0	0	0	1	1	1	0	1
423	0	0	0	0	0	1	0	0	0	Ashlyn	0	0	0	0	0	0	0	1	0	0	1	0
772	0	0	0	1	0	1	0	0	0	Haley	0	0	0	1	0	0	0	0	0	1	1	0
932	0	0	0	0	0	0	0	0	0	Thyra	0	0	1	1	0	0	0	0	1	0	0	0
170	0	0	0	0	0	0	1	1	0	Urban	0	0	0	1	0	0	0	1	1	0	0	0
784	0	1	0	0	1	0	0	0	0	Delbert	0	0	0	0	0	0	0	0	0	0	1	0
397	0	1	0	0	0	0	0	0	0	Mandy	0	0	0	0	0	1	0	1	0	0	0	0
116	0	0	0	0	0	0	0	0	0	Luciana	0	0	0	1	0	1	1	1	0	0	0	1
925	0	0	0	1	0	0	0	0	0	Lawrence	0	0	0	0	1	0	1	1	0	0	0	1
191	0	0	0	0	0	0	0	0	0	Arlene	0	0	0	0	0	0	0	1	1	1	0	0
488	0	0	0	0	0	0	0	0	0	Kelsi	0	0	1	0	0	0	1	0	1	0	1	0
535	0	0	0	0	0	0	0	0	0	Galen	0	0	0	1	0	0	0	1	0	0	0	0
392	0	0	0	0	0	0	0	0	0	Cena	0	0	0	0	0	0	0	0	0	0	0	1
220	0	0	0	0	0	0	0	0	0	Lea	0	0	0	1	0	0	0	0	0	0	0	0
464	0	1	0	0	0	1	0	0	0	Lavonne	0	0	1	1	0	1	1	0	0	0	0	0
948	0	0	0	0	0	0	0	0	0	Angelique	0	0	0	0	0	0	1	0	0	0	1	0
766	0	0	0	0	0	0	0	0	0	Cicero	0	0	1	0	0	0	0	1	0	0	0	0
641	0	0	0	1	0	0	0	0	0	Reno	0	0	1	0	0	0	1	1	1	0	0	0
854	0	1	0	0	0	0	0	0	0	Beryl	0	0	0	1	0	0	1	1	0	1	1	0
559	1	0	0	1	0	0	0	0	0	Lizeth	0	0	0	0	0	0	0	1	0	0	1	1
318	1	0	0	0	0	0	0	0	0	Nila	0	0	0	1	0	0	0	0	1	0	0	0
871	0	0	0	0	0	0	0	0	0	Ursula	0	0	0	0	0	0	0	0	0	1	0	0
955	0	0	0	0	0	0	0	0	0	Bonnie	0	0	0	0	1	0	0	0	1	0	0	0
435	0	0	0	0	0	0	0	0	0	Norene	0	0	0	0	0	0	1	0	0	0	0	0
664	0	0	0	0	0	0	0	0	0	Allyson	0	0	0	0	0	0	0	0	1	0	1	0
321	0	0	0	0	0	0	1	0	0	Fuller	0	0	0	0	0	0	1	1	1	0	0	0
93	0	0	0	0	0	0	0	0	0	Ashton	0	0	1	0	0	0	1	1	0	1	0	0
703	0	1	0	0	0	0	1	0	0	Mireya	0	0	1	0	0	0	0	0	0	1	1	0
769	0	0	0	0	0	0	0	0	0	Terri	0	0	0	0	0	0	0	1	0	0	0	0
518	0	0	0	0	0	0	0	0	0	Nakita	0	0	0	0	0	0	0	1	0	0	1	0
